{
    "10GB": {
        "Static": 0.351662,
        "DRAM": 0.19173081229157665,
        "L3,L2,L1": 0.0035631427084233153,
        "Compute": 0.035176749,
        "Other": 0.004336082000000019
    },
    "50GB": {
        "Static": 2.066962,
        "DRAM": 1.1439153949473706,
        "L3,L2,L1": 0.02035667505262928,
        "Compute": 0.204465563,
        "Other": 0.011385053000000145
    },
    "200GB": {
        "Static": 8.577809,
        "DRAM": 4.75834627603193,
        "L3,L2,L1": 0.08410383396806888,
        "Compute": 0.846932163,
        "Other": 0.03807125400000011
    }
}