{
    "10GB": 63.060296718749996,
    "50GB": 218.241385,
    "200GB": 686.69940625
}